0"番号", 1"画像URL", 2"キーワード1", 3"車両名", 4"両数", 5"メーカー/製品番号",6"説明",7"詳細リンク",8"アイコン"

11, "img/h5.jpg", "公開1,新幹線,はやぶさ,はやて,北海道", "H5系", "10両", "TOMIX:92566/ 92567/ 92568", "", "", "http://www.trainfrontview.net/b/h5.png"
12, "img/e6.jpg", "公開1,新幹線,こまち,スーパーこまち", "E6系", "7両", "TOMIX:92489/92490", "", "", "http://www.trainfrontview.net/b/e6.png"
13, "img/283_ok.JPG", "公開1,北海道,遠軽,石北,", "キハ283系　オホーツク/大雪", "3/4/5両", "KATO:10-1894 / 10-1895", "", "", "http://www.trainfrontview.net/b/h283k_ok.png"
23, "img/261_h.JPG", "公開2,JR,北海道,キハ261,キハ261系", "はまなす編成", "5両", "TOMIX:98434", "", "", "http://www.trainfrontview.net/f/h261-5v.png"
15, "img/40_megu.JPG", "公開1,北海道,遠軽", "キハ40形　北海道の恵み", "4両", "TOMIX:98076/98077", "", "", "http://trainfrontview.net/f/h40y.png"
16, "img/c11171.jpg", "公開1,北海道,釧路,SL,蒸気機関車", "SL冬の湿原号", "6両", "KATO:10-1958", "", "", "http://www.trainfrontview.net/b/c11su.png"
18, "img/tss.jpg", "公開1,北海道,", "TRAIN SUITE 四季島", "10両", "KATO:10-1447", "", "", "http://www.trainfrontview.net/b/e001.png"
38, "img/87.JPG", "公開3,JR,西日本,87系", "TWILIGHT EXPRESS 瑞風　(トワイライトエクスプレス　みずかぜ）", "10両", "TOMIX:97912", "", "", "http://trainfrontview.net/b/w87.png"
